	model	ambiguity	acc	diff	expected	unexpected	macrodiff
0	utahnlp/boolq_gpt2_seed-1	ambiguous	1.0	-0.5076098442077637	3.9824546575546265	4.49006450176239	-0.5076098442077637
1	utahnlp/boolq_gpt2_seed-1	unambiguous	1.0	-0.5136293396353722	3.7837841734290123	4.2974135130643845	-0.5136293396353722
