	model	length	acc	diff	expected	unexpected	macrodiff
0	gpt2	long	1.0	-0.5468240627178962	7.0576850152483175	7.604509077966213	-0.5468240627178957
1	gpt2	short	1.0	-0.6725383086638019	6.906246721744537	7.578785030408339	-0.6725383086638015
