	model	length	acc	diff	expected	unexpected	macrodiff
0	gpt2	long	1.0	0.029376256628893302	0.21423151134513316	0.18485525471623984	0.029376256628893316
1	gpt2	short	1.0	0.03216992714442313	0.22807307261973614	0.195903145475313	0.03216992714442313
2	utahnlp/boolq_gpt2_seed-1	long	1.0	0.06685741432011129	0.18972787598613647	0.12287046166602518	0.06685741432011129
3	utahnlp/boolq_gpt2_seed-1	short	1.0	0.11160022218246016	0.22598890180233863	0.11438867961987847	0.11160022218246016
