	model	freq_bin	acc	diff	expected	unexpected	macrodiff
0	distilbert/distilgpt2	high	0.5535714285714286	0.0038572838650895395	0.42877463067506816	0.4249173468099786	0.0038572838650895447
1	distilbert/distilgpt2	low	0.5587748344370861	0.004826468545080021	0.4311332573361744	0.4263067887910944	0.004826468545080009
