	model	freq_bin	acc	diff	expected	unexpected	macrodiff
0	distilbert/distilgpt2	high	0.6801948051948052	0.00497176303774309	0.2278119482429034	0.2228401852051603	0.004971763037743104
1	distilbert/distilgpt2	low	0.6663907284768212	0.004905410183035453	0.22692002068888176	0.2220146105058463	0.004905410183035447
