	model	freq_bin	acc	diff	expected	unexpected	macrodiff
0	distilbert/distilgpt2	high	0.35714285714285715	-0.0004386992810608465	0.4200988132264707	0.4205375125075316	-0.00043869928106088363
1	distilbert/distilgpt2	low	0.4503311258278146	-0.00046801813785604093	0.4253636483127708	0.4258316664506268	-0.00046801813785601887
