	model	semantic_class_detailed	acc	diff	expected	unexpected	macrodiff
0	distilbert/distilgpt2	AgEvo	1.0	0.422627671147612	0.4462934236634861	0.023665752515874085	0.422627671147612
1	distilbert/distilgpt2	AgP	0.4270833333333333	0.0015042346591750792	0.4037505147668223	0.4022462801076472	0.0015042346591750966
2	distilbert/distilgpt2	ExpStim	1.0	0.4123792387015948	0.4418987503105944	0.029519511608999512	0.4123792387015949
3	distilbert/distilgpt2	StimExp	0.4	-0.0027174785733222982	0.4197763218121095	0.42249380038543183	-0.0027174785733223294
